Metric,Aggregate,Core,Peripheral
N,624,117,507
Mean,-0.000000,0.015670,-0.003616
SD,0.1848,0.3505,0.1176
Raw Kurtosis (benchmark=3),17.8077,5.2949,39.6513
L-kurtosis (benchmark=0.1226),0.6697,0.3131,0.7708
Shapiro-Wilk W,0.582240,0.917113,0.427920
Shapiro-Wilk p,4.1727e-36,2.1339e-06,3.7313e-37
Proportion zeros,0.7083,0.2564,0.8126
