Component,Variance,Weight,Proportion_of_Total,N
Total,0.3492257506950057,NA,1,772
Within-Core,1.7061743476594895,0.17098445595854922,0.8353601990242996,132
Within-Peripheral,0.070811326291079807,0.8290155440414507,0.168096682654896,640
Weighted Within-Group,0.35043298279448665,NA,1.0034568816791958,772
Between-Group,-0.001207232099480926,NA,-0.0034568816791956877,772
