Group,N,Mean,SD,Raw_Kurtosis,Excess_Kurtosis,L_Kurtosis,Shapiro_Wilk_W,Shapiro_Wilk_p,t_mu,t_sigma,t_nu,t_se_mu,t_se_sigma,t_se_nu,t_loglik,t_method,t_note
Aggregate,772,-0.06505366395262768,0.5909532559306241,170.26095450465954,167.26095450465954,0.646317736238905,0.2990387300004198,5.571996261225695e-47,6.470997349498902e-10,1.0000000395907187e-6,1.0100000329311358,NA,NA,NA,6712.795457854785,fitdist,converged
Core,132,-0.009253246753246753,1.3062060892751532,42.49046740139903,39.49046740139903,0.4198955361506367,0.5032736257119585,3.0611538376175087e-19,3.899980916292561e-11,1.0000000257257282e-6,1.0163587462081694,NA,NA,NA,-42.38991302578571,fitdist,converged
Peripheral,640,-0.0765625,0.2661039764661171,11.217554550295743,8.217554550295743,0.6515799471464497,0.29231768978810313,7.149578640132155e-44,2.1238142393524462e-10,1.0000000153660598e-6,1.0100000085627334,NA,NA,NA,6750.32586810271,fitdist,converged
