Event,Type,Window,Pre_Period,Post_Period,Window_Total,Pre_Total,Post_Total,Window_Active,Pre_Active,Post_Active,Window_HHI,Pre_HHI,Post_HHI,Cos_Pre_Event,Cos_Event_Post,Cos_Pre_Post,Note
Asian Financial Crisis (1997-98),crisis,1997-1998,1994-1996,1999-2001,21,17,14,6,6,7,0.23809523809523808,0.384083044982699,0.21428571428571427,0.5928213486685103,0.5872801368884133,0.7762287694559526,
Indian Ocean Tsunami (2004-05),crisis,2004-2005,2001-2003,2006-2008,29,17,22,9,5,9,0.4054696789536267,0.397923875432526,0.256198347107438,0.9493617711578761,0.9580279819648296,0.9211554424898176,2004 trade output not tsunami-related; AADMER in 2005
Global Financial Crisis (2009),crisis,2009,2006-2008,2010-2012,24,22,22,7,9,7,0.3159722222222222,0.256198347107438,0.2231404958677686,0.6323784601312735,0.663338763391915,0.9418977893801362,2008 classified as milestone (Charter); GFC window = 2009 only
COVID-19 (2020),crisis,2020,2017-2019,N/A,3,18,NA,2,6,NA,0.5555555555555556,0.3395061728395062,NA,0.8101627221513196,NA,NA,Truncated: data ends 2020
Treaty of Amity / First Summit (1976-77),milestone,1976-1977,1975-1975,1978-1980,3,1,5,2,1,4,0.5555555555555556,1,0.28,0,0.6761234037828131,0,Limited pre-event data
AFTA Agreement (1992-93),milestone,1992-1993,1989-1991,1994-1996,4,3,17,2,2,6,0.625,0.5555555555555556,0.384083044982699,0.9899494936611664,0.9604803603002626,0.9338479919516195,1993 has zero output
ASEAN Charter (2007-08),milestone,2007-2008,2004-2006,2009-2011,15,36,40,7,10,9,0.2355555555555556,0.39351851851851855,0.25375000000000003,0.9001993448816447,0.8589533810779965,0.6504944660207169,2008 overlaps with GFC onset; classified as milestone
ASEAN Community (2015-16),milestone,2015-2016,2012-2014,2017-2019,11,15,18,5,7,6,0.30578512396694213,0.2355555555555556,0.3395061728395062,0.9032775043542899,0.8464407341698039,0.7727121378802357,
